complaint,language,category
Mere area me paani nahi aa raha,Hinglish,Water Supply
दो दिन से पानी की सप्लाई नहीं हो रही है,Hindi,Water Supply
There is no water supply in our locality,English,Water Supply
Pani ka pressure bahut kam hai,Hinglish,Water Supply
हमारे मोहल्ले में पानी बहुत कम आ रहा है,Hindi,Water Supply
The water supply is irregular in my area,English,Water Supply
Kal se ghar me paani nahi aa raha,Hinglish,Water Supply
पानी की सप्लाई सुबह से बंद है,Hindi,Water Supply
Our locality has had a water shortage for three days,English,Water Supply
Paani ki line se supply nahi aa rahi,Hinglish,Water Supply
नल में पानी नहीं आ रहा है,Hindi,Water Supply
The municipal water connection is not supplying water,English,Water Supply
Mere area me subah se paani nahi aaya,Hinglish,Water Supply
पानी की आपूर्ति अनियमित है,Hindi,Water Supply
Water is not reaching our neighborhood,English,Water Supply
Water supply has stopped in our colony,English,Water Supply
There is very little water pressure in our locality,English,Water Supply
Municipal water is not coming in the evening,English,Water Supply
Our tap has had no water since yesterday,English,Water Supply
Water is supplied only for a few minutes every day,English,Water Supply
Hamari colony me water supply band ho gayi hai,Hinglish,Water Supply
Paani ka pressure subah bahut low hota hai,Hinglish,Water Supply
Municipal nal me paani nahi aa raha,Hinglish,Water Supply
Roz sirf kuch minute ke liye paani aata hai,Hinglish,Water Supply
Kal se hamare ghar ki water supply band hai,Hinglish,Water Supply
हमारी कॉलोनी में पानी की सप्लाई बंद हो गई है,Hindi,Water Supply
हमारे इलाके में पानी का दबाव बहुत कम है,Hindi,Water Supply
नगरपालिका के नल में पानी नहीं आ रहा है,Hindi,Water Supply
रोज केवल कुछ मिनट के लिए पानी आता है,Hindi,Water Supply
कल से हमारे घर की पानी की सप्लाई बंद है,Hindi,Water Supply
Mere area me baar baar bijli ja rahi hai,Hinglish,Electricity
हमारे इलाके में बार-बार बिजली जा रही है,Hindi,Electricity
There are frequent power cuts in our area,English,Electricity
Kal raat se bijli nahi hai,Hinglish,Electricity
कल रात से बिजली नहीं है,Hindi,Electricity
There has been no electricity since last night,English,Electricity
Bijli ka voltage bahut low hai,Hinglish,Electricity
बिजली का वोल्टेज बहुत कम है,Hindi,Electricity
The voltage is very low in my locality,English,Electricity
Transformer kharab hone se bijli band hai,Hinglish,Electricity
ट्रांसफॉर्मर खराब होने से बिजली बंद है,Hindi,Electricity
The transformer problem has interrupted power supply,English,Electricity
Bijli ki supply achanak band ho gayi,Hinglish,Electricity
बिजली की सप्लाई अचानक बंद हो गई,Hindi,Electricity
Power supply has suddenly stopped in our area,English,Electricity
Electricity goes off every evening in our area,English,Electricity
Our locality is facing a long power outage,English,Electricity
The electricity voltage fluctuates frequently,English,Electricity
The power supply has been interrupted since morning,English,Electricity
There is a problem with the local power transformer,English,Electricity
Har shaam hamare area me light chali jaati hai,Hinglish,Electricity
Hamare area me bahut der se bijli nahi hai,Hinglish,Electricity
Bijli ka voltage baar baar fluctuate hota hai,Hinglish,Electricity
Subah se power supply band hai,Hinglish,Electricity
Local transformer me problem hai,Hinglish,Electricity
हर शाम हमारे इलाके में बिजली चली जाती है,Hindi,Electricity
हमारे इलाके में लंबे समय से बिजली बंद है,Hindi,Electricity
बिजली का वोल्टेज बार-बार कम-ज्यादा होता है,Hindi,Electricity
सुबह से बिजली की आपूर्ति बंद है,Hindi,Electricity
स्थानीय ट्रांसफॉर्मर में खराबी है,Hindi,Electricity
Hamari gali ki street light band hai,Hinglish,Street Light
हमारी गली की स्ट्रीट लाइट बंद है,Hindi,Street Light
The street light in our lane is not working,English,Street Light
Street light kai din se kharab hai,Hinglish,Street Light
स्ट्रीट लाइट कई दिनों से खराब है,Hindi,Street Light
The street light has been broken for several days,English,Street Light
Raat me road par light nahi jalti,Hinglish,Street Light
रात में सड़क पर लाइट नहीं जलती,Hindi,Street Light
The road remains dark at night because the light is not working,English,Street Light
Gali ki light blink kar rahi hai,Hinglish,Street Light
गली की लाइट बार-बार बंद हो रही है,Hindi,Street Light
The street light keeps switching off,English,Street Light
Park ke paas street light band hai,Hinglish,Street Light
पार्क के पास स्ट्रीट लाइट खराब है,Hindi,Street Light
The street light near the park is not working,English,Street Light
Several street lights are not working on our road,English,Street Light
The street light near the bus stop is off,English,Street Light
Our neighborhood has poor street lighting at night,English,Street Light
A street light pole is damaged,English,Street Light
The street light outside the community park is broken,English,Street Light
Hamari road ki kai street lights band hain,Hinglish,Street Light
Bus stop ke paas wali light nahi jalti,Hinglish,Street Light
Raat ko hamari colony me lighting bahut kam hai,Hinglish,Street Light
Street light ka pole damage ho gaya hai,Hinglish,Street Light
Community park ke bahar light kharab hai,Hinglish,Street Light
हमारी सड़क की कई स्ट्रीट लाइट बंद हैं,Hindi,Street Light
बस स्टॉप के पास वाली स्ट्रीट लाइट नहीं जलती,Hindi,Street Light
रात में हमारी कॉलोनी में रोशनी बहुत कम रहती है,Hindi,Street Light
स्ट्रीट लाइट का पोल क्षतिग्रस्त हो गया है,Hindi,Street Light
सामुदायिक पार्क के बाहर की लाइट खराब है,Hindi,Street Light
Hamari road me bahut bade gaddhe hain,Hinglish,Road
हमारी सड़क में बहुत बड़े गड्ढे हैं,Hindi,Road
There are large potholes on our road,English,Road
Road toot gayi hai aur repair ki zarurat hai,Hinglish,Road
सड़क टूट गई है और मरम्मत की जरूरत है,Hindi,Road
The road is damaged and needs repair,English,Road
Sadak par bahut cracks hain,Hinglish,Road
सड़क पर बहुत दरारें हैं,Hindi,Road
There are many cracks on the road,English,Road
Gaddhon ki wajah se gaadi chalana mushkil hai,Hinglish,Road
गड्ढों की वजह से वाहन चलाना मुश्किल है,Hindi,Road
Driving is difficult because of potholes,English,Road
Main road ka ek hissa toot gaya hai,Hinglish,Road
मुख्य सड़क का एक हिस्सा टूट गया है,Hindi,Road
A section of the main road is damaged,English,Road
The road surface is badly damaged,English,Road
There is a deep pothole near the intersection,English,Road
The main road needs urgent repair,English,Road
The road has become uneven and unsafe,English,Road
A damaged section of the road is causing traffic problems,English,Road
Road ki condition bahut kharab ho gayi hai,Hinglish,Road
Chauraha ke paas bada gaddha hai,Hinglish,Road
Main road ki jaldi repair honi chahiye,Hinglish,Road
Sadak uneven hone ki wajah se accident ka risk hai,Hinglish,Road
Road ka damaged part traffic ko affect kar raha hai,Hinglish,Road
सड़क की हालत बहुत खराब हो गई है,Hindi,Road
चौराहे के पास बड़ा गड्ढा है,Hindi,Road
मुख्य सड़क की तुरंत मरम्मत होनी चाहिए,Hindi,Road
सड़क असमान होने से दुर्घटना का खतरा है,Hindi,Road
सड़क का क्षतिग्रस्त हिस्सा यातायात को प्रभावित कर रहा है,Hindi,Road
Government hospital me doctor available nahi hai,Hinglish,Healthcare
सरकारी अस्पताल में डॉक्टर उपलब्ध नहीं है,Hindi,Healthcare
A doctor is not available at the government hospital,English,Healthcare
Hospital me medicines nahi mil rahi hain,Hinglish,Healthcare
अस्पताल में दवाइयां उपलब्ध नहीं हैं,Hindi,Healthcare
Medicines are not available at the hospital,English,Healthcare
Health centre me staff bahut kam hai,Hinglish,Healthcare
स्वास्थ्य केंद्र में कर्मचारियों की कमी है,Hindi,Healthcare
The health centre has insufficient staff,English,Healthcare
Ambulance service time par nahi mil rahi,Hinglish,Healthcare
एम्बुलेंस सेवा समय पर नहीं मिल रही है,Hindi,Healthcare
The ambulance service is not arriving on time,English,Healthcare
Hospital me safai ki problem hai,Hinglish,Healthcare
अस्पताल में सफाई की समस्या है,Hindi,Healthcare
There is a cleanliness problem at the hospital,English,Healthcare
The government clinic does not have essential medicines,English,Healthcare
Patients are waiting for a doctor for a long time,English,Healthcare
The health centre does not have enough beds,English,Healthcare
The ambulance service is unavailable in our area,English,Healthcare
The government hospital lacks basic facilities,English,Healthcare
Government clinic me important medicines nahi hain,Hinglish,Healthcare
Doctor ke liye patients ko bahut der wait karna padta hai,Hinglish,Healthcare
Health centre me beds bahut kam hain,Hinglish,Healthcare
Hamare area me ambulance service available nahi hai,Hinglish,Healthcare
Government hospital me basic facilities nahi hain,Hinglish,Healthcare
सरकारी क्लिनिक में जरूरी दवाइयां उपलब्ध नहीं हैं,Hindi,Healthcare
डॉक्टर के लिए मरीजों को बहुत देर तक इंतजार करना पड़ता है,Hindi,Healthcare
स्वास्थ्य केंद्र में पर्याप्त बिस्तर नहीं हैं,Hindi,Healthcare
हमारे इलाके में एम्बुलेंस सेवा उपलब्ध नहीं है,Hindi,Healthcare
सरकारी अस्पताल में बुनियादी सुविधाओं की कमी है,Hindi,Healthcare
Hamare area me kachra nahi uthaya ja raha,Hinglish,Sanitation
हमारे इलाके में कचरा नहीं उठाया जा रहा है,Hindi,Sanitation
Garbage is not being collected in our area,English,Sanitation
Dustbin kai din se bhara hua hai,Hinglish,Sanitation
कूड़ेदान कई दिनों से भरा हुआ है,Hindi,Sanitation
The garbage bin has been full for several days,English,Sanitation
Gali me bahut kachra jama hai,Hinglish,Sanitation
गली में बहुत कचरा जमा है,Hindi,Sanitation
A lot of garbage has accumulated in the lane,English,Sanitation
Safai karamchari regular nahi aa rahe,Hinglish,Sanitation
सफाई कर्मचारी नियमित रूप से नहीं आ रहे हैं,Hindi,Sanitation
Sanitation workers are not coming regularly,English,Sanitation
Public place par kachra pada hua hai,Hinglish,Sanitation
सार्वजनिक स्थान पर कचरा पड़ा हुआ है,Hindi,Sanitation
Garbage is lying in a public place,English,Sanitation
Garbage collection has not happened in our street,English,Sanitation
The public dustbin is overflowing with waste,English,Sanitation
Waste is being dumped near residential buildings,English,Sanitation
The street has not been cleaned for many days,English,Sanitation
Garbage collection vehicles are not coming regularly,English,Sanitation
Hamari gali me garbage collection nahi hua,Hinglish,Sanitation
Public dustbin kachre se overflow ho raha hai,Hinglish,Sanitation
Residential area ke paas kachra phenka ja raha hai,Hinglish,Sanitation
Gali ki safai kai din se nahi hui,Hinglish,Sanitation
Garbage collection wali gaadi regular nahi aa rahi,Hinglish,Sanitation
हमारी गली में कचरा संग्रहण नहीं हुआ है,Hindi,Sanitation
सार्वजनिक कूड़ेदान कचरे से भरकर बाहर आ रहा है,Hindi,Sanitation
रिहायशी इमारतों के पास कचरा डाला जा रहा है,Hindi,Sanitation
गली की कई दिनों से सफाई नहीं हुई है,Hindi,Sanitation
कचरा संग्रहण की गाड़ी नियमित रूप से नहीं आ रही है,Hindi,Sanitation
Hamari nali block hai,Hinglish,Drainage
हमारी नाली बंद है,Hindi,Drainage
The drain in our area is blocked,English,Drainage
Nali ka paani road par aa raha hai,Hinglish,Drainage
नाली का पानी सड़क पर आ रहा है,Hindi,Drainage
Drain water is overflowing onto the road,English,Drainage
Nali me ganda paani jama hai,Hinglish,Drainage
नाली में गंदा पानी जमा है,Hindi,Drainage
Dirty water is accumulating in the drain,English,Drainage
Barish ke baad nali overflow ho gayi,Hinglish,Drainage
बारिश के बाद नाली ओवरफ्लो हो गई,Hindi,Drainage
The drain overflowed after the rain,English,Drainage
Nali ka blockage bahut serious hai,Hinglish,Drainage
नाली में बहुत ज्यादा जाम है,Hindi,Drainage
The drain is severely blocked,English,Drainage
Drainage system se badbu aa rahi hai,Hinglish,Drainage
ड्रेनेज सिस्टम से बदबू आ रही है,Hindi,Drainage
There is a bad smell from the drainage system,English,Drainage
The drain is blocked and wastewater is not flowing,English,Drainage
Wastewater from the drain is entering the street,English,Drainage
The drainage line is overflowing near the houses,English,Drainage
A blocked drain is causing stagnant water,English,Drainage
The drainage system is clogged with waste,English,Drainage
Nali block hone se wastewater flow nahi ho raha,Hinglish,Drainage
Nali ka ganda paani gali me aa raha hai,Hinglish,Drainage
Gharon ke paas drainage line overflow ho rahi hai,Hinglish,Drainage
Blocked nali ki wajah se paani jama hai,Hinglish,Drainage
Drainage line kachre se jam hai,Hinglish,Drainage
नाली बंद होने से गंदे पानी का बहाव रुक गया है,Hindi,Drainage
नाली का गंदा पानी गली में आ रहा है,Hindi,Drainage
Hamare area me log kachra jala rahe hain,Hinglish,Environment
हमारे इलाके में लोग कचरा जला रहे हैं,Hindi,Environment
People are burning garbage in our locality,English,Environment
Road ke paas bahut smoke aur pollution hai,Hinglish,Environment
सड़क के पास बहुत धुआं और प्रदूषण है,Hindi,Environment
There is heavy smoke and pollution near the road,English,Environment
Park ke ped bina permission ke kaate ja rahe hain,Hinglish,Environment
पार्क के पेड़ बिना अनुमति के काटे जा रहे हैं,Hindi,Environment
Trees in the park are being cut without permission,English,Environment
Factory ke smoke se area me pollution ho raha hai,Hinglish,Environment
फैक्ट्री के धुएं से इलाके में प्रदूषण हो रहा है,Hindi,Environment
Factory smoke is causing pollution in the area,English,Environment
Area me bahut air pollution hai,Hinglish,Environment
इलाके में बहुत वायु प्रदूषण है,Hindi,Environment
There is severe air pollution in the area,English,Environment
People are burning plastic waste in the open,English,Environment
There is excessive dust and air pollution near the construction site,English,Environment
A large amount of smoke is coming from an industrial area,English,Environment
Trees are being removed from a public area,English,Environment
The locality is affected by severe air pollution,English,Environment
Log open area me plastic jala rahe hain,Hinglish,Environment
Construction site ke paas bahut dust pollution hai,Hinglish,Environment
Industrial area se bahut smoke aa raha hai,Hinglish,Environment
Public area me ped kaate ja rahe hain,Hinglish,Environment
Hamari locality me air pollution bahut zyada hai,Hinglish,Environment
लोग खुले में प्लास्टिक जला रहे हैं,Hindi,Environment
निर्माण स्थल के पास बहुत धूल और प्रदूषण है,Hindi,Environment
औद्योगिक क्षेत्र से बहुत धुआं आ रहा है,Hindi,Environment
सार्वजनिक क्षेत्र में पेड़ काटे जा रहे हैं,Hindi,Environment
हमारे इलाके में वायु प्रदूषण बहुत ज्यादा है,Hindi,Environment
